#{"t_start": 1632460992.7476714, "env_id": "RockWalk-v0"}
r,l,t
-127.020015,55,3.212555
-164.551438,255,3.717776
-9.992761,42,3.81886
-169.47403,54,3.940991
-123.523727,70,4.085814
-167.981989,52,4.202513
-60.273602,125,4.448285
-165.338839,59,4.579987
-150.342264,29,4.657407
-51.509317,100,4.853641
-181.880825,71,5.001454
-27.506674,60,5.129729
-0.925351,32,5.211164
-153.581125,56,5.332923
